{
  "project_info": {
    "project_number": "625141200906",
    "firebase_url": "https://my-application-8a560-default-rtdb.firebaseio.com",
    "project_id": "my-application-8a560",
    "storage_bucket": "my-application-8a560.firebasestorage.app"
  },
  "client": [
    {
      "client_info": {
        "mobilesdk_app_id": "1:625141200906:android:fe68f49f6cc03bc0e847f3",
        "android_client_info": {
          "package_name": "com.example.myapplication"
        }
      },
      "oauth_client": [],
      "api_key": [
        {
          "current_key": "AIzaSyCZyHa4BJSz3WpuCI_37Zel1lQyhQbTwCg"
        }
      ],
      "services": {
        "appinvite_service": {
          "other_platform_oauth_client": []
        }
      }
    }
  ],
  "configuration_version": "1"
}